ration_id,силос,сенаж,корнаж,кукуруза,солома,жом,комбикорм 10,комбикорм 11,рожь,пшеница,шрот подсолнечный,шрот рапсовый,шрот соевый,премикс транзит,кальций пропионат,дрожжи кормовые,лед,ячмень,поташ,жир защищенный,патока,жмых рапсовый,соль,премикс дойный,сода,мел,жом свекловичный,люцерна,жмых льняной,дробина сухая,сено луговое,суданка,тритикале,соевая оболочка,фуражи,концентраты,пивные дрожжи сухие,Масляная,Капроновая,Каприловая,Каприновая,Деценовая,Лауриновая,Миристиновая,Миристолеиновая,Пальмитиновая,Пальмитолеиновая,Стеариновая,Олеиновая,Линолевая,Линоленовая,Арахиновая,Бегеновая,Прочие
10,6.82,5.04,0.0,3.15,0.0,0.8,0,0.0,0.0,0.0,0.0,1.8,3.1,0.0,0.0,0.0,0.0,0.0,0.0,0.0,0.0,0.0,0.0,0.0,0.0,0.0,0,0.0,0.0,0.0,0.0,0.0,0.0,0.0,0.0,0.0,0.0,4.01,1.64,1.7,2.96,0.26,3.02,9.61,1.12,25.69,1.59,9.6,25.05,3.31,1.31,0.21,0.06,6.34
11,7.2,3.6,0.0,5.4,0.0,2.0,0,0.0,0.0,0.0,0.0,1.4,2.5,0.0,0.0,0.0,0.0,2.4,0.0,0.0,0.0,0.0,0.12,0.16,0.2,0.22,0,0.0,0.0,0.0,0.0,0.0,0.0,0.0,0.0,0.0,0.0,3.25,2.13,1.15,2.02,0.24,2.35,8.41,1.23,22.84,2.23,11.71,26.9,3.48,1.07,0.18,0.09,5.92
12,6.92,4.59,0.0,3.0,0.0,0.8,0,0.0,0.0,0.0,0.0,1.8,2.8,0.0,0.0,0.0,0.0,0.0,0.0,0.0,0.8,0.0,0.0,0.0,0.0,0.0,0,0.0,0.0,0.0,0.0,0.0,0.0,0.0,0.0,0.0,0.0,3.26,2.14,1.47,2.23,0.25,3.88,11.05,0.81,23.15,1.42,12.22,22.15,4.95,0.23,0.01,0.0,5.64
13,6.965,2.95,3.0,0.0,0.3,0.55,0,0.0,0.0,0.0,0.0,0.0,3.0,0.0,0.0,0.0,0.0,1.6,0.0,0.3,0.6,1.7,0.0,0.0,0.0,0.0,0,0.0,0.0,0.0,0.0,0.0,0.0,0.0,0.0,0.0,0.0,3.73,1.75,1.67,2.94,0.26,2.21,9.1,1.13,31.5,1.97,8.13,21.34,2.27,0.81,0.16,0.05,5.89
14,6.9,2.95,3.0,0.0,0.3,0.465,0,0.0,0.0,0.0,0.0,0.0,3.0,0.0,0.0,0.0,0.0,1.6,0.0,0.3,0.6,1.9,0.0,0.0,0.0,0.0,0,0.0,0.0,0.0,0.0,0.0,0.0,0.0,0.0,0.0,0.0,3.53,2.96,1.85,3.59,0.35,3.73,8.85,1.23,25.98,1.63,13.14,26.92,4.72,0.97,0.24,0.04,4.68
15,6.9,3.0,2.5,0.5,0.0,1.15,0,0.0,0.0,0.0,0.0,0.0,3.0,0.0,0.0,0.0,0.0,1.75,0.0,0.3,0.6,2.0,0.0,0.0,0.0,0.0,0,0.0,0.0,0.0,0.0,0.0,0.0,0.0,0.0,0.0,0.0,2.64,1.55,1.33,3.71,0.37,3.96,9.76,1.19,26.84,2.3,12.53,21.0,4.79,0.61,0.07,0.01,6.35
16,10.15,0.0,2.2,4.1,0.0,1.0,0,0.0,0.0,1.0,0.0,1.55,3.0,0.0,0.0,0.0,0.0,0.0,0.1,0.35,0.8,0.0,0.13,0.17,0.2,0.25,0,0.0,0.0,0.0,0.0,0.0,0.0,0.0,0.0,0.0,0.0,2.72,1.56,1.2,2.8,0.29,2.74,10.83,0.93,22.26,2.2,10.42,25.67,4.85,0.62,0.25,0.09,5.64
17,7.0,3.65,2.5,1.45,0.0,0.815,0,0.0,0.0,0.0,0.0,2.4,2.4,0.0,0.0,0.0,0.0,0.0,0.0,0.0,0.6,0.0,0.0,0.0,0.0,0.0,0,0.0,0.0,0.0,0.0,0.0,0.0,0.0,0.0,0.0,0.0,3.54,1.74,1.19,3.04,0.36,2.37,11.72,0.83,29.97,1.4,10.74,23.73,4.0,1.15,0.01,0.03,6.45
18,0.0,0.0,0.0,10.82,0.0,0.525,0,0.0,0.0,0.0,0.0,1.7,3.5,0.0,0.0,0.0,0.0,1.65,0.0,0.369,0.9,0.0,0.0,0.0,0.0,0.0,0,2.0,0.0,0.0,0.0,0.0,0.0,0.0,0.0,0.0,0.0,3.88,1.84,1.68,2.07,0.33,3.57,12.18,1.18,22.9,1.97,9.19,24.27,4.82,0.33,0.0,0.03,4.52
19,0.0,0.0,0.0,9.3,0.0,1.0,0,0.0,0.0,0.0,0.0,0.0,3.0,0.0,0.0,0.0,0.0,2.25,0.0,0.35,0.85,1.4,0.0,0.0,0.0,0.0,0,3.04,0.0,0.0,0.0,0.0,0.0,0.0,0.0,0.0,0.0,3.86,2.45,1.08,2.83,0.34,2.67,11.79,1.02,29.81,2.0,8.1,22.27,3.36,1.34,0.27,0.1,5.65
1,0.0,0.0,0.0,12.85,0.0,0.4,0,0.0,0.0,0.0,0.0,2.2,3.3,0.0,0.0,0.0,0.1,1.4,0.14,0.29,0.0,0.0,0.12,0.15,0.2,0.27,0,0.0,0.0,0.0,0.0,0.0,0.0,0.0,0.0,0.0,0.0,3.14,1.51,1.45,3.29,0.34,2.63,12.06,1.32,27.86,1.4,9.07,20.45,4.67,0.82,0.25,0.04,6.29
20,0.0,0.0,0.0,9.0,0.0,0.75,0,0.0,0.0,0.0,0.0,1.4,3.2,0.0,0.0,0.0,0.0,2.0,0.0,0.35,0.8,0.0,0.0,0.0,0.0,0.0,0,2.1,0.0,0.0,0.0,0.0,0.0,0.0,0.0,0.0,0.0,2.48,2.07,1.43,3.6,0.36,4.01,8.67,0.68,24.81,2.35,10.6,21.65,4.48,0.4,0.18,0.09,5.92
21,0.0,0.0,0.0,10.584,0.0,0.918,0,0.0,0.0,0.0,0.0,1.534,3.564,0.0,0.0,0.0,0.0,1.62,0.0,0.378,0.864,0.0,0.0,0.0,0.0,0.0,0,1.922,0.0,0.0,0.0,0.0,0.0,0.0,0.0,0.0,0.0,3.65,2.07,1.78,2.94,0.33,2.88,11.98,1.07,26.67,1.63,11.68,27.16,3.66,0.44,0.14,0.06,5.8
22,0.0,0.0,0.0,9.29,0.0,1.05,0,0.0,0.0,0.0,0.0,0.0,3.0,0.0,0.0,0.0,0.0,2.3,0.0,0.35,0.8,1.4,0.0,0.0,0.0,0.0,0,3.0,0.0,0.0,0.0,0.0,0.0,0.0,0.0,0.0,0.0,2.41,2.99,1.01,2.72,0.39,3.27,13.0,1.24,24.31,2.15,10.02,22.87,4.05,0.24,0.13,0.04,6.01
23,7.0,2.65,0.0,5.0,1.04,0.0,0,0.0,0.0,0.0,0.0,0.0,2.65,0.0,0.0,0.3,0.0,1.8,0.1,0.35,1.4,1.95,0.15,0.15,0.24,0.22,0,0.0,0.0,0.0,0.0,0.0,0.0,0.0,0.0,0.0,0.0,2.41,2.79,1.01,3.63,0.39,2.51,10.29,1.44,28.5,2.15,12.75,24.61,3.68,1.21,0.22,0.07,4.51
24,6.701,3.2,0.0,3.73,1.0,0.0,0,0.0,0.0,0.0,0.0,1.85,2.4,0.0,0.0,0.3,0.0,2.15,0.1,0.3,1.35,0.0,0.15,0.15,0.24,0.18,0,0.0,0.0,0.0,0.0,0.0,0.0,0.0,0.0,0.0,0.0,2.84,2.28,1.9,2.29,0.29,2.46,12.84,1.23,28.43,1.86,9.36,25.13,4.23,0.09,0.02,0.05,4.84
25,6.7,3.2,0.0,3.13,1.0,0.0,0,0.0,0.0,0.0,0.0,0.0,2.18,0.0,0.0,0.3,0.0,2.7,0.1,0.25,1.31,2.17,0.15,0.15,0.24,0.22,0,0.0,0.0,0.0,0.0,0.0,0.0,0.0,0.0,0.0,0.0,3.6,2.96,1.67,2.55,0.29,3.13,12.76,0.91,22.15,1.97,11.67,24.84,2.77,1.4,0.29,0.09,5.6
26,7.0,1.2,0.0,2.2,1.2,0.0,0,0.0,0.0,0.0,0.0,2.2,2.2,0.3,0.2,0.0,0.0,0.0,0.05,0.25,0.9,0.0,0.07,0.0,0.13,0.13,0,0.0,0.0,0.0,0.0,0.0,0.0,0.0,0.0,0.0,0.0,2.73,2.55,1.93,3.18,0.28,2.95,10.46,0.78,29.29,1.98,12.04,22.8,4.87,0.46,0.19,0.07,5.1
27,7.0,2.9,0.0,2.5,0.0,1.2,0,0.0,0.0,0.0,0.0,2.4,2.7,0.0,0.0,0.0,0.0,4.2,0.1,0.4,0.9,0.0,0.15,0.17,0.22,0.25,0,0.0,0.0,0.0,0.0,0.0,0.0,0.0,0.0,0.0,0.0,2.71,2.01,1.48,3.68,0.39,3.11,9.84,0.88,26.21,1.36,9.06,24.47,2.7,0.04,0.05,0.07,6.48
28,7.0,3.3,0.0,2.5,0.0,1.2,0,0.0,0.0,0.0,0.0,2.4,2.3,0.0,0.0,0.0,0.0,4.3,0.1,0.2,1.1,0.0,0.15,0.17,0.22,0.25,0,0.0,0.0,0.0,0.0,0.0,0.0,0.0,0.0,0.0,0.0,3.19,1.79,1.22,3.47,0.23,3.92,9.35,0.62,29.35,1.82,12.16,23.54,2.71,1.43,0.15,0.02,5.08
29,7.4,1.4,1.5,2.3,0.0,0.9,0,0.0,0.0,0.0,0.0,2.4,2.8,0.0,0.0,0.0,0.0,3.1,0.1,0.4,0.9,0.0,0.18,0.17,0.22,0.25,0,0.0,0.0,0.0,0.0,0.0,1.4,0.0,0.0,0.0,0.0,3.3,2.86,1.16,3.24,0.28,2.69,11.61,0.81,29.19,1.95,8.27,22.86,4.78,1.41,0.28,0.01,5.42
2,7.2,3.0,2.865,0.0,0.3,0.6,0,0.0,0.0,0.0,0.0,0.0,2.9,0.0,0.0,0.0,0.0,1.0,0.0,0.3,0.65,2.2,0.0,0.0,0.0,0.0,0,0.0,0.0,0.0,0.0,0.0,0.0,0.0,0.0,0.0,0.0,3.66,1.96,1.53,2.77,0.3,2.71,10.29,1.21,23.21,1.9,10.43,27.83,2.41,0.97,0.0,0.1,6.27
30,7.3,2.0,1.5,2.3,0.0,0.9,0,0.0,0.0,0.0,0.0,2.4,2.4,0.0,0.0,0.0,0.0,3.3,0.1,0.2,1.1,0.0,0.18,0.17,0.22,0.25,0,0.0,0.0,0.0,0.0,0.0,1.3,0.0,0.0,0.0,0.0,4.14,2.73,1.78,3.46,0.31,3.36,10.96,1.1,27.57,1.95,8.12,27.25,4.43,1.03,0.2,0.09,4.75
31,7.2,1.45,0.0,2.4,0.0,1.2,0,0.0,0.0,0.0,0.0,2.1,1.9,0.0,0.0,0.0,0.0,2.3,0.07,0.0,1.0,0.0,0.1,0.15,0.2,0.13,0,0.0,0.0,0.0,0.0,0.0,1.8,0.0,0.0,0.0,0.0,2.88,2.98,1.03,3.06,0.22,2.86,12.74,1.17,31.08,1.43,13.0,23.41,3.35,0.36,0.22,0.0,5.58
32,6.6,1.45,2.2,1.6,0.0,1.4,0,0.0,0.0,0.0,0.0,2.2,1.9,0.0,0.0,0.0,0.0,1.2,0.07,0.0,1.0,0.0,0.1,0.15,0.2,0.13,0,0.0,0.0,0.0,0.0,0.0,1.8,0.0,0.0,0.0,0.0,2.42,1.82,1.36,2.83,0.27,2.96,8.45,1.22,31.55,2.23,12.68,25.91,4.54,1.2,0.03,0.05,6.32
33,9.8,1.4,0.0,0.0,0.0,0.7,0,0.0,0.0,0.0,2.3,1.3,0.0,0.0,0.0,0.0,0.0,1.7,0.0,0.0,0.0,0.0,0.17,0.15,0.0,0.05,0,0.0,0.0,0.0,0.0,0.0,1.5,0.0,0.0,0.0,0.0,2.62,2.6,1.32,3.61,0.23,3.96,10.76,0.94,27.68,1.37,13.08,25.45,4.14,1.01,0.01,0.04,5.12
34,7.1,2.8,1.5,2.3,0.0,1.2,0,0.0,0.0,0.0,0.0,2.5,2.8,0.0,0.0,0.0,0.0,3.1,0.1,0.4,0.9,0.0,0.15,0.17,0.22,0.25,0,0.0,0.0,0.0,0.0,0.0,0.0,0.0,0.0,0.0,0.0,3.11,2.02,1.33,2.23,0.3,4.07,8.47,0.83,22.93,2.22,10.7,22.85,4.37,0.77,0.2,0.01,5.38
35,7.0,3.3,1.5,2.3,0.0,1.2,0,0.0,0.0,0.0,0.0,2.5,2.4,0.0,0.0,0.0,0.0,3.2,0.1,0.2,1.1,0.0,0.15,0.17,0.22,0.25,0,0.0,0.0,0.0,0.0,0.0,0.0,0.0,0.0,0.0,0.0,3.83,2.33,2.0,2.66,0.37,2.36,12.68,0.8,23.41,1.41,9.61,21.44,4.42,0.59,0.22,0.09,4.85
36,0.0,0.0,0.0,8.7,0.0,1.3,0,0.0,0.0,0.0,0.0,1.3,2.8,0.0,0.0,0.0,0.0,4.0,0.1,0.25,1.0,0.0,0.12,0.15,0.2,0.2,0,2.0,0.0,0.0,0.0,0.0,0.0,0.7,0.0,0.0,0.0,4.1,1.77,1.03,3.52,0.25,2.13,10.38,0.75,27.06,1.74,9.08,24.18,2.21,0.5,0.21,0.07,4.8
37,0.0,0.0,0.0,10.25,0.5,1.1,0,0.0,0.0,0.7,0.0,1.2,2.9,0.0,0.0,0.0,0.0,2.1,0.1,0.35,1.0,0.0,0.12,0.15,0.2,0.2,0,3.33,0.0,0.0,0.0,0.8,0.0,0.0,0.0,0.0,0.0,2.7,2.3,1.5,2.08,0.28,2.58,8.63,0.8,25.7,2.11,9.88,23.51,3.65,1.3,0.11,0.09,5.54
38,0.0,0.0,0.0,10.25,0.0,1.6,0,0.0,0.0,0.0,0.0,1.5,2.6,0.0,0.0,0.0,0.0,0.0,0.0,0.0,0.0,0.0,0.0,0.0,0.0,0.0,0,3.15,0.0,0.0,0.0,0.0,1.15,0.0,0.0,0.0,0.0,2.7,1.9,1.11,2.87,0.3,3.36,11.08,1.41,23.43,1.36,12.54,22.92,3.17,0.21,0.11,0.01,4.7
39,0.0,0.0,0.0,8.97,0.0,1.5,0,0.0,0.0,0.0,0.0,1.6,2.3,0.0,0.0,0.0,0.0,0.0,0.0,0.0,0.0,0.0,0.0,0.0,0.0,0.0,0,4.5,0.0,0.0,0.0,0.0,0.0,0.0,0.0,0.0,0.0,4.01,2.61,1.01,2.69,0.37,2.09,8.49,0.64,25.96,1.44,13.27,25.59,3.43,1.39,0.26,0.01,5.59
3,7.1,3.15,2.5,1.1,0.0,0.65,0,0.0,0.0,1.0,0.0,2.3,3.0,0.0,0.0,0.0,0.0,0.0,0.0,0.3,0.6,0.0,0.0,0.0,0.0,0.0,0,0.0,0.0,0.0,0.0,0.0,0.0,0.0,0.0,0.0,0.0,3.5,3.0,1.18,2.0,0.22,2.7,9.42,1.22,30.7,1.74,13.04,21.88,4.24,0.0,0.16,0.01,6.39
40,0.0,0.0,0.0,11.1,0.0,1.0,0,3.85,0.0,0.0,0.0,1.25,3.1,0.0,0.0,0.0,0.0,0.0,0.0,0.0,1.05,0.0,0.0,0.0,0.0,0.0,0,3.65,0.0,0.0,0.0,0.0,0.0,0.0,0.0,0.0,0.0,2.86,2.32,1.85,2.03,0.25,3.48,12.48,1.23,30.99,1.49,9.08,27.5,3.5,0.92,0.0,0.04,6.41
41,0.0,0.0,0.0,10.0,0.0,1.07,0,0.0,0.0,0.7,0.0,1.5,2.9,0.0,0.0,0.0,0.0,2.1,0.1,0.35,1.0,0.0,0.15,0.15,0.21,0.2,0,4.02,0.0,0.0,0.0,0.0,0.0,0.0,0.0,0.0,0.0,2.8,2.82,1.94,2.72,0.24,4.21,9.35,0.65,30.91,1.41,10.75,26.7,4.01,1.01,0.05,0.04,5.45
42,6.199999999999999,0.0,1.3,3.75,0.0,1.25,0,0.0,0.0,0.89,0.0,1.65,2.8,0.0,0.0,0.0,0.0,1.75,0.1,0.35,1.2,0.0,0.12,0.15,0.2,0.22,0,3.07,0.0,0.0,0.0,0.0,0.0,0.0,0.0,0.0,0.0,3.47,1.83,1.17,2.95,0.38,3.15,10.83,0.66,25.59,2.21,12.72,27.68,4.34,1.13,0.02,0.08,4.84
43,6.0,0.0,1.5,4.3,0.0,1.5,0,0.0,1.23,2.1,0.0,1.65,3.0,0.0,0.0,0.0,0.0,0.0,0.08,0.32,1.05,0.0,0.12,0.15,0.2,0.2,0,1.6,0.0,0.0,0.0,0.0,0.0,0.0,0.0,0.0,0.0,4.13,2.16,1.32,3.21,0.23,3.41,10.05,0.65,21.35,2.05,11.1,27.68,4.13,1.45,0.23,0.07,5.14
44,0.0,0.0,0.0,3.8,0.0,1.35,0,0.0,0.0,0.0,0.0,0.0,1.0,0.0,0.0,0.0,0.0,4.5,0.0,0.0,0.0,0.0,0.085,0.15,0.15,0.24,0,0.0,2.0,1.5,0.0,0.0,0.0,0.0,0.0,0.0,0.0,4.03,2.68,1.18,3.27,0.23,2.63,10.99,0.72,27.11,1.57,9.78,24.5,4.56,0.2,0.21,0.07,5.67
45,0.0,0.0,0.0,6.175,0.0,0.0,0,0.0,0.0,0.0,0.0,0.0,1.97,0.0,0.0,0.0,0.0,9.7,0.09,0.35,1.42,0.0,0.105,0.15,0.19,0.25,0,2.5,1.8,0.0,0.0,0.0,0.0,0.0,0.0,0.0,0.3,4.02,2.74,1.95,2.0,0.31,4.35,9.18,1.28,24.9,1.55,12.48,22.08,2.75,0.7,0.2,0.02,6.46
46,5.74,2.5,0.0,2.0,0.7,0.8,0,0.0,0.0,0.0,0.0,0.0,2.5,0.0,0.0,0.0,0.0,0.0,0.0,0.0,0.7,0.9,0.0,0.0,0.0,0.0,0,0.0,0.0,0.0,0.0,0.0,0.0,0.0,0.0,0.0,0.0,3.35,1.75,1.48,3.1,0.21,3.79,8.62,0.75,30.92,1.33,10.49,26.9,3.87,1.14,0.28,0.01,4.73
47,5.1,1.9,0.0,2.65,1.5,0.0,0,0.0,0.0,0.0,0.0,1.15,2.5,0.0,0.0,0.0,0.0,0.0,0.0,0.0,0.6,0.0,0.0,0.0,0.0,0.0,0,0.0,0.0,0.0,0.0,0.0,0.0,0.0,0.0,0.0,0.0,3.83,1.91,1.33,2.56,0.34,3.59,8.71,0.93,21.08,2.18,12.52,22.82,2.28,0.26,0.04,0.05,4.73
48,0.0,3.25,0.0,11.0,0.0,1.3,0,0.0,0.0,0.0,0.0,0.0,3.2,0.0,0.0,0.0,0.0,0.0,0.0,0.0,1.3,1.95,0.0,0.0,0.0,0.0,0,0.0,0.0,0.0,0.0,0.0,0.0,0.0,0.0,0.0,0.0,3.42,2.31,1.21,3.04,0.27,2.14,8.04,1.35,28.03,1.79,11.03,25.69,4.26,1.31,0.07,0.03,6.32
49,6.85,2.8,0.0,4.5,0.25,1.3,0,0.0,0.0,0.0,0.0,0.0,3.2,0.0,0.0,0.0,0.0,0.0,0.0,0.0,1.3,1.8,0.0,0.0,0.0,0.0,0,0.0,0.0,0.0,0.0,0.0,0.0,0.0,0.0,0.0,0.0,3.16,2.62,1.77,2.24,0.31,2.07,10.8,1.37,23.17,1.72,8.01,26.22,4.07,1.35,0.28,0.08,4.53
4,7.2,3.0,2.865,0.0,0.0,0.65,0,0.0,0.0,0.0,0.0,0.0,2.9,0.0,0.0,0.0,0.0,1.0,0.0,0.3,0.6,2.2,0.0,0.0,0.0,0.0,0,0.0,0.0,0.0,0.0,0.0,0.0,0.0,0.0,0.0,0.0,2.97,2.24,1.16,2.55,0.27,3.35,8.9,1.26,22.89,1.79,11.15,27.44,3.09,0.19,0.29,0.03,4.75
50,6.88,0.0,0.0,4.77,0.0,1.34,0,0.0,0.0,0.0,0.0,1.48,2.76,0.0,0.0,0.0,0.0,0.0,0.0,0.0,1.3,0.0,0.0,0.0,0.0,0.0,0,2.52,0.0,0.0,0.0,0.0,1.35,0.0,0.0,0.0,0.0,2.47,2.4,1.62,3.62,0.28,3.33,12.86,0.74,30.29,2.38,8.28,20.11,4.4,0.57,0.04,0.09,5.54
51,6.24,0.0,0.0,5.05,0.0,1.45,0,0.0,0.0,0.0,0.0,1.45,2.95,0.0,0.0,0.0,0.0,0.0,0.0,0.0,1.25,0.0,0.0,0.0,0.0,0.0,0,2.3,0.0,0.0,0.0,0.0,1.21,0.0,0.0,0.0,0.0,2.82,1.54,1.38,2.82,0.37,3.92,11.67,1.27,22.23,1.77,9.8,20.55,2.45,0.06,0.1,0.03,5.03
52,6.56,0.0,0.0,4.81,0.0,1.27,0,0.0,0.0,0.0,0.0,1.22,3.05,0.0,0.0,0.0,0.0,0.0,0.0,0.0,1.3,0.0,0.0,0.0,0.0,0.0,0,2.49,0.0,0.0,0.0,0.0,1.2,0.0,0.0,0.0,0.0,3.73,2.48,1.48,3.27,0.33,2.1,11.85,1.23,31.53,1.33,9.4,27.98,3.22,0.16,0.08,0.0,6.04
53,6.2,0.0,0.0,5.08,0.65,1.2,0,0.0,0.0,0.0,0.0,1.4,2.9,0.0,0.0,0.0,0.0,0.0,0.0,0.0,1.32,0.0,0.0,0.0,0.0,0.0,0,2.35,0.0,0.0,0.0,0.0,1.3,0.0,0.0,0.0,0.0,3.25,1.54,1.58,2.33,0.27,4.03,11.19,1.11,22.53,1.85,13.08,20.55,4.08,0.37,0.26,0.08,4.58
54,7.63,0.0,1.6,3.95,0.0,1.25,0,0.0,0.0,0.0,0.0,1.2,2.65,0.0,0.0,0.0,0.0,0.0,0.0,0.0,0.0,0.0,0.0,0.0,0.0,0.0,0,2.62,0.0,0.0,0.0,0.0,1.5,0.0,0.0,0.0,0.0,3.82,1.51,1.78,2.27,0.36,3.98,12.85,0.75,30.88,2.38,8.29,21.05,2.84,0.69,0.04,0.09,6.35
55,6.24,0.0,0.0,5.1,0.0,1.33,0,0.0,0.0,0.0,0.0,1.5,2.92,0.0,0.0,0.0,0.0,0.0,0.0,0.0,1.3,0.0,0.0,0.0,0.0,0.0,0,2.26,0.0,0.0,0.0,0.0,1.25,0.0,0.0,0.0,0.0,3.66,2.2,1.19,2.94,0.29,2.43,11.33,0.7,25.84,1.86,11.09,21.16,2.92,0.94,0.06,0.01,5.63
56,6.24,0.0,0.0,5.13,0.0,1.3,0,0.0,0.0,0.0,0.0,1.5,2.92,0.0,0.0,0.0,0.0,0.0,0.0,0.0,1.3,0.0,0.0,0.0,0.0,0.0,0,2.26,0.0,0.0,0.0,0.0,1.25,0.0,0.0,0.0,0.0,3.95,1.64,1.83,3.6,0.27,2.81,8.5,0.79,28.09,2.18,10.46,25.29,4.39,1.44,0.05,0.08,5.46
57,6.45,0.0,0.0,4.95,0.0,1.18,0,0.0,0.0,0.0,0.0,1.2,3.0,0.0,0.0,0.0,0.0,0.0,0.0,0.0,1.32,0.0,0.0,0.0,0.0,0.0,0,2.55,0.0,0.0,0.0,0.0,1.25,0.0,0.0,0.0,0.0,2.6,2.41,1.54,2.98,0.26,4.39,10.46,1.09,24.66,2.14,13.17,27.54,4.76,1.19,0.17,0.01,5.98
58,7.15,0.0,1.5,4.13,0.0,1.25,0,0.0,0.0,0.0,0.0,1.12,2.9,0.0,0.0,0.0,0.0,0.0,0.0,0.0,0.0,0.0,0.0,0.0,0.0,0.0,0,2.35,0.0,0.0,0.0,0.0,1.5,0.0,0.0,0.0,0.0,2.69,2.71,1.4,3.16,0.38,3.64,12.21,0.65,28.58,2.03,11.39,25.11,4.35,0.17,0.03,0.07,6.28
59,6.18,0.0,0.0,5.35,0.0,1.35,0,0.0,0.0,0.0,0.0,1.4,3.0,0.0,0.0,0.0,0.0,0.0,0.0,0.0,1.3,0.0,0.0,0.0,0.0,0.0,0,2.12,0.0,0.0,0.0,0.0,1.2,0.0,0.0,0.0,0.0,3.62,2.53,1.87,2.46,0.35,2.77,12.76,1.33,24.7,1.68,11.74,22.11,2.99,1.11,0.13,0.04,5.27
5,6.1,3.29,2.5,0.0,0.0,1.04,0,0.0,0.0,0.0,0.0,1.0,3.0,0.0,0.0,0.0,0.0,1.63,0.0,0.35,0.8,1.0,0.0,0.0,0.0,0.0,0,0.0,0.0,0.0,0.0,0.0,0.0,0.0,0.0,0.0,0.0,2.87,2.12,1.69,3.41,0.33,3.61,9.81,1.38,31.38,2.19,12.63,22.33,4.0,0.79,0.12,0.05,6.4
60,5.0,0.0,0.0,2.46,1.3,0.0,0,0.0,0.0,0.0,0.0,0.97,2.28,0.0,0.0,0.0,0.0,0.0,0.0,0.0,0.7,0.0,0.0,0.0,0.0,0.0,0,1.52,0.0,0.0,0.0,0.0,0.82,0.7,0.0,0.0,0.0,3.12,1.57,1.92,2.47,0.3,2.2,10.82,1.42,29.22,1.84,11.9,21.43,3.81,0.11,0.03,0.02,5.54
61,6.3,0.0,0.0,5.05,0.65,0.0,0,0.0,0.0,0.0,0.0,1.7,2.7,0.0,0.0,0.0,0.0,0.0,0.0,0.0,1.35,0.0,0.0,0.0,0.0,0.0,0,2.2,0.0,0.0,0.0,0.0,1.35,1.1,0.0,0.0,0.0,3.07,1.53,1.48,3.59,0.39,2.61,9.57,1.06,27.53,1.89,11.7,22.05,2.57,0.92,0.18,0.01,6.01
62,6.24,0.0,0.0,5.0,0.0,0.0,0,0.0,0.0,0.0,0.0,1.45,2.8,0.0,0.0,0.0,0.0,0.0,0.0,0.0,1.3,0.0,0.0,0.0,0.0,0.0,0,2.25,0.0,0.0,0.0,0.0,1.26,1.6,0.0,0.0,0.0,4.06,2.7,1.88,3.68,0.32,2.34,8.94,1.13,21.86,1.98,12.76,22.09,4.11,0.22,0.16,0.05,5.89
63,6.24,0.0,0.0,5.07,0.0,1.41,0,0.0,0.0,0.0,0.0,1.5,2.87,0.0,0.0,0.0,0.0,0.0,0.0,0.0,1.3,0.0,0.0,0.0,0.0,0.0,0,2.26,0.0,0.0,0.0,0.0,1.25,0.0,0.0,0.0,0.0,3.84,1.56,1.18,3.71,0.36,2.86,8.54,1.44,26.85,1.89,11.12,21.54,2.35,1.18,0.04,0.08,5.63
64,7.3,0.0,1.35,0.0,1.25,0.0,0,0.0,0.0,0.0,0.0,0.75,0.0,0.0,0.0,0.0,0.0,0.0,0.0,0.0,0.0,0.0,0.0,0.0,0.0,0.0,0,9.0,0.0,0.0,0.0,0.0,0.0,0.0,0.0,0.0,0.0,3.63,1.77,1.05,2.89,0.24,2.86,9.91,0.64,31.51,1.41,12.49,21.01,3.55,0.39,0.26,0.05,4.82
65,7.25,0.0,1.4,0.0,1.0,0.0,0,0.0,0.0,0.0,0.0,0.8,0.0,0.0,0.0,0.0,0.0,0.0,0.0,0.0,0.0,0.0,0.0,0.0,0.0,0.0,0,9.2,0.0,0.0,0.0,0.0,0.0,0.0,0.0,0.0,0.0,2.6,2.26,1.48,3.69,0.32,2.56,8.98,1.47,27.8,1.34,13.07,22.65,4.67,0.79,0.09,0.09,5.91
66,6.65,2.85,0.0,4.9,0.0,1.3,0,0.0,0.0,0.0,0.0,0.0,2.9,0.0,0.0,0.0,0.0,0.0,0.0,0.0,1.3,2.1,0.0,0.0,0.0,0.0,0,0.0,0.0,0.0,0.0,0.0,0.0,0.0,0.0,0.0,0.0,2.8,2.97,1.54,3.49,0.32,3.5,9.51,1.01,23.67,2.3,10.67,22.04,4.95,1.16,0.01,0.01,5.29
67,6.3,2.7,0.0,5.0,0.5,1.3,0,0.0,0.0,0.0,0.0,0.0,2.9,0.0,0.0,0.0,0.0,0.0,0.0,0.0,1.3,2.0,0.0,0.0,0.0,0.0,0,0.0,0.0,0.0,0.0,0.0,0.0,0.0,0.0,0.0,0.0,2.91,2.69,1.14,3.18,0.36,3.35,8.77,1.05,24.88,2.2,12.89,21.34,2.46,1.35,0.21,0.0,4.54
68,6.2,3.2,0.0,5.3,0.0,1.3,0,0.0,0.0,0.0,0.0,0.0,2.9,0.0,0.0,0.0,0.0,0.0,0.0,0.0,1.3,1.8,0.0,0.0,0.0,0.0,0,0.0,0.0,0.0,0.0,0.0,0.0,0.0,0.0,0.0,0.0,3.27,1.71,1.17,3.07,0.37,3.21,10.26,0.81,29.33,1.87,12.23,22.05,3.47,1.37,0.04,0.01,5.74
69,6.65,2.8,0.0,5.0,0.0,1.3,0,0.0,0.0,0.0,0.0,0.0,2.8,0.0,0.0,0.0,0.0,0.0,0.0,0.0,1.4,2.05,0.0,0.0,0.0,0.0,0,0.0,0.0,0.0,0.0,0.0,0.0,0.0,0.0,0.0,0.0,2.5,2.78,1.85,3.13,0.3,2.85,10.71,1.34,28.12,1.36,8.58,22.85,3.81,0.81,0.0,0.09,6.07
6,10.15,0.0,2.3,4.0,0.0,1.0,0,0.0,0.0,1.0,0.0,1.55,3.0,0.0,0.0,0.0,0.0,0.0,0.1,0.35,0.8,0.0,0.13,0.17,0.2,0.25,0,0.0,0.0,0.0,0.0,0.0,0.0,0.0,0.0,0.0,0.0,3.69,2.49,1.13,2.71,0.38,3.87,11.61,0.7,31.12,1.41,8.44,25.04,3.07,0.31,0.15,0.09,4.62
70,6.0,2.75,0.0,5.35,0.0,0.0,0,0.0,0.0,0.0,0.0,1.35,2.9,0.0,0.0,0.0,0.0,0.0,0.0,0.0,1.3,0.0,0.0,0.0,0.0,0.0,0,0.75,0.0,0.0,0.0,0.0,0.0,0.0,0.0,0.0,0.0,3.51,2.74,1.18,3.5,0.39,3.88,10.61,0.94,24.77,1.37,11.55,27.82,3.43,0.02,0.13,0.08,5.33
71,5.85,3.15,0.0,5.3,0.5,0.0,0,0.0,0.0,0.0,0.0,1.4,2.9,0.0,0.0,0.0,0.0,0.0,0.0,0.0,1.3,0.0,0.0,0.0,0.0,0.0,0,0.0,0.0,0.0,0.0,0.0,0.0,0.0,0.0,0.0,0.0,2.78,2.14,1.84,3.58,0.24,4.28,10.02,0.74,27.12,1.98,11.97,22.18,4.25,0.93,0.27,0.0,5.0
72,5.85,3.15,0.0,5.2,0.5,0.0,0,0.0,0.0,0.0,0.0,1.7,2.7,0.0,0.0,0.0,0.0,0.0,0.0,0.0,1.3,0.0,0.0,0.0,0.0,0.0,0,0.0,0.0,0.0,0.0,0.0,0.0,0.0,0.0,0.0,0.0,4.08,2.62,1.54,2.99,0.29,2.86,12.66,1.3,31.09,1.47,11.65,26.73,3.85,0.73,0.04,0.08,5.93
73,5.85,3.5,0.0,5.55,0.7,3.9,0,0.0,0.0,0.0,0.0,2.05,2.2,0.0,0.0,0.0,0.0,0.0,0.0,0.0,1.25,0.0,0.0,0.0,0.0,0.0,0,0.0,0.0,0.0,0.0,0.0,0.0,0.0,0.0,0.0,0.0,2.51,2.77,1.03,2.36,0.23,3.63,11.53,0.72,31.1,2.39,10.24,20.65,4.28,0.9,0.25,0.06,4.85
74,5.6,3.1,0.0,5.25,0.8,0.0,0,0.0,0.0,0.0,0.0,1.35,3.0,0.0,0.0,0.0,0.0,0.0,0.0,0.0,1.3,0.0,0.0,0.0,0.0,0.0,0,0.0,0.0,0.0,0.0,0.0,0.0,0.0,0.0,0.0,0.0,2.63,1.84,1.77,3.37,0.36,3.64,8.78,0.62,23.75,1.4,10.38,27.89,3.74,0.94,0.21,0.03,5.0
75,5.6,3.1,0.0,5.4,0.8,0.0,0,0.0,0.0,0.0,0.0,1.3,2.9,0.0,0.0,0.0,0.0,0.0,0.0,0.0,1.3,0.0,0.0,0.0,0.0,0.0,0,0.0,0.0,0.0,0.0,0.0,0.0,0.0,0.0,0.0,0.0,2.85,2.31,1.69,2.87,0.23,3.88,9.39,1.43,26.77,2.03,11.59,23.63,2.39,1.37,0.1,0.1,5.43
76,7.15,3.85,0.0,3.75,0.5,0.0,0,0.0,0.0,0.0,0.0,1.95,2.1,0.0,0.0,0.0,0.0,0.0,0.0,0.0,1.4,0.0,0.0,0.0,0.0,0.0,0,0.0,0.0,0.0,0.0,0.0,0.0,0.0,0.0,0.0,0.0,3.89,2.86,1.69,3.79,0.34,2.56,9.22,0.79,24.82,1.66,11.74,20.27,3.99,0.78,0.18,0.08,6.08
77,7.55,3.25,0.0,3.5,1.3,0.0,0,0.0,0.0,0.0,0.0,1.9,2.1,0.0,0.0,0.0,0.0,0.0,0.0,0.0,1.1,0.0,0.0,0.0,0.0,0.0,0,0.0,0.0,0.0,0.0,0.0,0.0,0.0,0.0,0.0,0.0,2.89,1.91,1.32,2.54,0.38,2.52,11.3,1.07,29.89,2.0,12.41,26.97,4.1,0.57,0.16,0.04,5.34
78,6.65,2.8,0.0,4.9,0.0,1.3,0,0.0,0.0,0.0,0.0,0.0,2.8,0.0,0.0,0.0,0.0,0.0,0.0,0.0,1.4,2.15,0.0,0.0,0.0,0.0,0,0.0,0.0,0.0,0.0,0.0,0.0,0.0,0.0,0.0,0.0,3.67,1.93,1.59,2.97,0.39,3.21,9.42,1.18,22.52,1.49,10.53,22.27,4.17,0.88,0.1,0.04,5.14
79,7.9,3.8,0.0,3.55,0.0,0.9,0,0.0,0.0,0.0,0.0,0.0,0.3,0.0,0.0,0.0,0.0,0.0,0.0,0.0,1.3,3.8,0.0,0.0,0.0,0.0,0,0.0,0.0,0.0,0.0,0.0,0.0,0.0,0.0,0.0,0.0,3.92,2.27,1.2,3.39,0.28,3.04,9.54,0.78,24.08,1.54,9.99,24.52,3.2,1.31,0.19,0.09,6.18
7,5.1,3.29,2.1,0.0,0.0,1.04,0,0.0,0.0,0.0,0.0,0.75,2.83,0.0,0.0,0.0,0.0,1.63,0.0,0.32,0.8,0.85,0.0,0.0,0.0,0.0,0,0.0,0.0,0.0,0.0,0.0,0.0,0.0,0.0,0.0,0.0,2.73,1.93,1.12,2.76,0.28,4.17,10.47,0.83,28.74,1.72,12.75,26.39,2.65,0.7,0.07,0.09,5.5
80,8.3,4.96,0.0,3.0,0.0,0.8,0,0.0,0.0,0.0,0.0,0.0,0.0,0.0,0.0,0.0,0.0,0.0,0.0,0.0,1.0,2.2,0.09,0.15,0.0,0.0,0,3.5,0.0,0.0,0.0,0.0,0.0,0.0,0.0,0.0,0.0,3.99,1.79,1.8,2.94,0.22,3.28,8.79,0.79,31.3,1.71,8.57,27.96,4.77,1.36,0.18,0.08,5.9
81,6.8,2.9,0.0,4.8,0.0,1.3,0,0.0,0.0,0.0,0.0,0.0,3.1,0.0,0.0,0.0,0.0,0.0,0.0,0.0,1.3,1.8,0.0,0.0,0.0,0.0,0,0.0,0.0,0.0,0.0,0.0,0.0,0.0,0.0,0.0,0.0,2.93,1.85,1.91,2.97,0.35,2.6,12.49,1.28,30.35,1.92,12.58,26.38,3.27,0.99,0.1,0.08,6.01
82,0.0,0.0,0.0,11.3,0.6,1.2,0,0.0,0.0,0.0,0.0,1.2,2.7,0.0,0.0,0.0,0.0,0.0,0.0,0.0,1.4,0.0,0.0,0.0,0.0,0.0,0,3.5,0.0,0.0,0.0,0.0,0.0,0.0,0.0,0.0,0.0,3.66,2.45,1.44,2.17,0.27,2.46,9.52,0.9,26.02,1.45,13.43,22.4,2.78,0.78,0.28,0.05,6.38
83,0.0,0.0,0.0,11.2,0.5,1.0,0,0.0,0.0,0.0,0.0,1.0,2.8,0.0,0.0,0.0,0.0,0.0,0.0,0.0,1.3,0.0,0.0,0.0,0.0,0.0,0,3.6,0.0,0.0,0.0,0.0,0.0,0.5,0.0,0.0,0.0,3.8,2.13,1.42,2.39,0.31,4.25,12.8,1.21,25.41,1.84,9.08,26.86,2.83,0.03,0.17,0.09,4.81
84,0.0,0.0,0.0,11.4,0.4,0.8,0,0.0,0.0,0.0,0.0,1.0,2.8,0.0,0.0,0.0,0.0,0.0,0.0,0.0,1.3,0.0,0.0,0.0,0.0,0.0,0,3.5,0.0,0.0,0.0,0.0,0.0,0.7,0.0,0.0,0.0,3.88,1.56,1.93,2.95,0.2,2.44,11.74,1.34,21.34,1.34,9.5,26.13,2.34,1.26,0.16,0.06,6.36
86,0.0,0.0,0.0,10.9,0.3,1.3,0,0.0,0.0,0.0,0.0,1.2,2.7,0.0,0.0,0.0,0.0,0.0,0.0,0.0,1.4,0.0,0.0,0.0,0.0,0.0,0,3.4,0.0,0.0,0.0,0.0,0.0,0.7,0.0,0.0,0.0,3.62,2.69,1.75,2.56,0.34,3.2,10.11,1.11,29.83,1.5,10.15,24.78,2.35,0.51,0.12,0.04,6.1
87,0.0,0.0,0.0,11.0,0.0,1.3,0,0.0,0.0,0.0,0.0,1.2,2.8,0.0,0.0,0.0,0.0,0.0,0.0,0.0,1.4,0.0,0.0,0.0,0.0,0.0,0,3.5,0.0,0.0,0.0,0.0,0.0,0.7,0.0,0.0,0.0,3.68,2.4,1.28,3.48,0.39,3.18,12.51,1.08,23.54,1.69,9.69,26.23,3.14,0.36,0.06,0.05,4.76
88,0.0,0.0,0.0,11.1,0.5,1.0,0,0.0,0.0,0.0,0.0,1.2,2.8,0.0,0.0,0.0,0.0,0.0,0.0,0.0,1.3,0.0,0.0,0.0,0.0,0.0,0,3.5,0.0,0.0,0.0,0.0,0.0,0.5,0.0,0.0,0.0,2.51,2.87,1.09,2.25,0.35,3.25,8.26,0.66,28.68,2.14,10.78,23.27,2.69,1.0,0.2,0.04,4.68
89,6.15,0.0,0.0,5.15,0.0,1.35,0,0.0,0.0,0.0,0.0,1.65,2.8,0.0,0.0,0.0,0.0,0.0,0.0,0.0,1.3,0.0,0.0,0.0,0.0,0.0,0,2.1,0.0,0.0,0.0,0.0,0.0,0.0,9.65,15.35,0.0,2.81,1.85,1.14,3.7,0.34,4.3,11.82,1.08,31.5,2.12,13.28,26.59,3.65,0.23,0.29,0.08,5.86
8,6.0,3.49,2.5,0.0,0.0,1.04,0,0.0,0.0,0.0,0.0,0.9,3.0,0.0,0.0,0.0,0.0,1.63,0.0,0.35,0.8,1.0,0.0,0.0,0.0,0.0,0,0.0,0.0,0.0,0.0,0.0,0.0,0.0,0.0,0.0,0.0,2.73,1.52,2.0,3.5,0.23,2.63,10.02,0.98,26.37,1.87,13.02,25.76,3.28,0.93,0.08,0.01,6.46
90,13.9,0.0,0.0,2.75,0.0,0.8,0,0.0,0.0,0.0,0.0,0.0,0.0,0.0,0.0,0.0,0.0,0.0,0.0,0.0,0.8,3.4,0.09,0.15,0.0,0.0,0,0.0,0.0,0.0,2.11,0.0,0.0,0.0,0.0,0.0,0.0,3.72,1.95,1.73,2.98,0.22,3.77,9.3,1.07,25.74,2.13,11.02,26.54,3.33,1.29,0.21,0.1,4.52
91,6.41,9.85,0.0,3.0,0.0,0.0,0,0.0,0.0,0.0,0.0,0.0,0.0,0.0,0.0,0.0,0.0,0.0,0.0,0.0,1.0,1.5,0.09,0.15,0.0,0.0,0,0.0,0.0,0.0,0.0,0.0,0.0,0.0,0.0,0.0,0.0,3.18,2.77,1.89,3.25,0.3,3.7,8.4,1.04,31.05,1.42,11.42,21.43,2.22,0.76,0.26,0.0,5.43
92,7.4,3.82,0.0,4.0,0.0,0.93,0,0.0,0.0,0.0,0.0,0.0,1.1,0.0,0.0,0.0,0.0,0.0,0.0,0.0,1.3,3.0,0.0,0.0,0.0,0.0,0,0.0,0.0,0.0,0.0,0.0,0.0,0.0,0.0,0.0,0.0,4.09,2.22,1.82,3.19,0.31,2.7,8.3,1.37,23.51,1.46,10.86,20.4,4.66,0.73,0.23,0.01,4.85
93,7.4,3.82,0.0,4.0,0.0,0.93,0,0.0,0.0,0.0,0.0,0.0,1.1,0.0,0.0,0.0,0.0,0.0,0.0,0.0,1.3,3.0,0.0,0.0,0.0,0.0,0,0.0,0.0,0.0,0.0,0.0,0.0,0.0,0.0,0.0,0.0,2.44,2.78,1.94,2.39,0.35,4.24,10.96,0.96,26.31,1.63,8.25,20.57,3.02,0.26,0.27,0.09,5.86
94,7.0,3.7,0.0,2.5,0.0,0.0,0,0.0,0.0,0.0,0.0,2.6,0.0,0.0,0.0,0.0,0.0,0.0,0.0,0.0,0.0,0.0,0.0,0.0,0.0,0.0,0,0.0,0.0,0.0,0.7,0.0,0.0,0.0,0.0,0.0,0.0,3.45,1.93,1.67,2.57,0.37,2.2,12.43,1.23,21.61,2.23,8.56,20.47,3.67,0.59,0.25,0.02,4.58
9,5.3,3.0900000000000003,2.03,0.0,0.0,1.04,0,0.0,0.0,0.0,0.0,0.8,2.9,0.0,0.0,0.0,0.0,1.63,0.0,0.32,0.8,0.8,0.0,0.0,0.0,0.0,0,0.0,0.0,0.0,0.0,0.0,0.0,0.0,0.0,0.0,0.0,4.03,2.42,1.64,3.13,0.27,2.66,9.55,1.09,26.85,1.75,9.67,21.61,4.28,0.91,0.1,0.03,6.41
